<?xml version="1.0" encoding="UTF-8" ?>
<!DOCTYPE mapper
  PUBLIC "-//mybatis.org//DTD Mapper 3.0//EN"
  "https://mybatis.org/dtd/mybatis-3-mapper.dtd">
<mapper namespace="storyMapper">
	
	<resultMap type="Story" id="storyResultSet">
		<result column="STORY_NO" property="storyNo"/>
		<result column="USER_ID" property="userId"/>
		<result column="STORY_CONTENT" property="storyContent"/>
		<result column="ORIGIN_NAME" property="originName"/>
		<result column="CHANGE_NAME" property="changeName"/>
		<result column="CREATE_DATE" property="createDate"/>
	</resultMap>
	
	<resultMap type="History" id="historyResultSet">
		<result column="STORY_NO" property="storyNo"/>
		<result column="USER_ID" property="userId"/>
	</resultMap>
	
	<select id="selectSequence" resultType="_int">
		SELECT SEQ_SNO.NEXTVAL FROM DUAL
	</select>
	
	<insert id="insertStory" parameterType="Story">
		INSERT INTO STORY(STORY_NO,USER_ID,STORY_CONTENT,ORIGIN_NAME,CHANGE_NAME)
		VALUES(#{storyNo},#{userId},#{storyContent},#{originName},#{changeName})
	</insert>
	
	<select id="selectStory" parameterType="string" resultMap="storyResultSet">
		SELECT STORY_NO,USER_ID,STORY_CONTENT,CREATE_DATE,ORIGIN_NAME,CHANGE_NAME 
		FROM STORY
		WHERE USER_ID IN(SELECT TO_USER
		                 FROM FOLLOWLIST
		                 WHERE FROM_USER=#{userId})
		AND STATUS='Y'
		ORDER BY CREATE_DATE DESC

	</select>
	
	<update id="updateStoryStatus" parameterType="Story">
		UPDATE STORY SET STATUS= 'N' WHERE STORY_NO=#{storyNo}
	</update>
	
	<insert id="insertHistory" parameterType="History">
		INSERT INTO HISTORY(STORY_NO,USER_ID)VALUES(#{storyNo},#{userId})
	</insert>
	
	<select id="selectHistory" parameterType="string" resultMap="historyResultSet">
		SELECT STORY_NO ,USER_ID FROM HISTORY WHERE USER_ID=#{userId}
	</select>
	
	<delete id="deleteHistory" parameterType="History">
		DELETE HISTORY WHERE STORY_NO=#{storyNo} AND USER_ID=#{userId}
	</delete>
</mapper>