<?xml version="1.0" encoding="UTF-8"?>
<beans:beans xmlns="http://www.springframework.org/schema/mvc"
	xmlns:xsi="http://www.w3.org/2001/XMLSchema-instance"
	xmlns:beans="http://www.springframework.org/schema/beans"
	xmlns:context="http://www.springframework.org/schema/context"
	xmlns:websocket="http://www.springframework.org/schema/websocket"
	xsi:schemaLocation="http://www.springframework.org/schema/websocket http://www.springframework.org/schema/websocket/spring-websocket-4.3.xsd
		http://www.springframework.org/schema/mvc https://www.springframework.org/schema/mvc/spring-mvc.xsd
		http://www.springframework.org/schema/beans https://www.springframework.org/schema/beans/spring-beans.xsd
		http://www.springframework.org/schema/context https://www.springframework.org/schema/context/spring-context.xsd">

	<!-- DispatcherServlet Context: defines this servlet's request-processing infrastructure -->
	
	<!-- Enables the Spring MVC @Controller programming model -->
	<annotation-driven />

	<!-- Handles HTTP GET requests for /resources/** by efficiently serving up static resources in the ${webappRoot}/resources directory -->
	<resources mapping="/resources/**" location="/resources/" />

	<!-- Resolves views selected for rendering by @Controllers to .jsp resources in the /WEB-INF/views directory -->
	<beans:bean class="org.springframework.web.servlet.view.InternalResourceViewResolver">
		<beans:property name="prefix" value="/WEB-INF/views/" />
		<beans:property name="suffix" value=".jsp" />
	</beans:bean>
	
	<beans:bean id="messageServer" class="com.kh.reMerge.message.server.MessageServer"/>
	<beans:bean id="echoHandler" class="com.kh.reMerge.message.server.WebSocketHandler"/>
	
	<websocket:handlers allowed-origins="http://localhost:8888/reMerge,http://192.168.50.30:8888/reMerge">
		<websocket:mapping handler="messageServer" path="/dm"/>
		<websocket:mapping handler="echoHandler" path="/echo-ws" />
		<websocket:handshake-interceptors>
			<beans:bean class="org.springframework.web.socket.server.support.HttpSessionHandshakeInterceptor"/>
		</websocket:handshake-interceptors>
		<websocket:sockjs/>
	</websocket:handlers>
	
	<context:component-scan base-package="com.kh.reMerge">
		<context:exclude-filter type="annotation" expression="org.springframework.stereotype.Repository"/>
		<context:exclude-filter type="annotation" expression="org.springframework.stereotype.Service"/>
		<context:exclude-filter type="annotation" expression="org.aspectj.lang.annotation.Aspect"/>
	</context:component-scan>
	
	<!-- NaverLoginBO Class에 대한 Bean설정 추가 -->
	<beans:bean id="naverLoginBO" class="com.kh.reMerge.user.model.vo.NaverLoginBo" />
	
	
</beans:beans>
